Armstrong, Nayda U.
Bond, Kristen W.
Burton, Andrew G.
Herring, Mason Z.
Ramsey, Hollee Y.
Mckay, Joy X.
Porter, MacKenzie I.
Bradford, Dara W.
Bowen, Emerson V.
Sanford, Quentin L.
Stephens, Shelley P.
Carson, Jerome W.
Alvarez, Frances D.
Vang, Nita T.
Slater, Judah C.
Matthews, Harding Z.
Hudson, Zachary Z.
Franco, Oleg G.
Stevenson, Elliott N.
Hutchinson, Cheryl X.
Lamb, Samson D.
Chaney, Aline I.
Juarez, Dexter U.
Howard, Joelle M.
Guerra, Connor G.
Mccoy, Blythe Q.
Dotson, Fay B.
Fernandez, Kaye Y.
Bolton, Damon P.
House, Zachery F.
Sutton, Aretha H.
Rutledge, Ross A.
Hansen, Lacey T.
Cantu, Lucius M.
Camacho, Sierra L.
Maynard, Kenyon P.
Cortez, Arden V.
Simon, Kasper Q.
Brown, Harlan Y.
Flynn, Mia I.
Rollins, Aidan D.
Hardy, Quamar F.
Jefferson, Leilani J.
Hogan, Aubrey B.
Barton, Hunter M.
Farrell, Casey B.
Norris, Danielle O.
Palmer, Porter Y.
Mccall, Rashad X.
Hurst, Kaseem G.
Campos, Caldwell N.
West, Lois M.
Reilly, Ursa N.
Carroll, Nathaniel P.
Gross, Gareth B.
Doyle, Walter N.
Key, Florence R.
Parrish, Marny T.
Black, Libby O.
Hancock, Adena A.
Ramirez, Dora A.
Hess, Suki K.
Salinas, Sonya L.
Dillon, Adele D.
Parks, Abdul F.
Grant, Tamekah Y.
Huber, Libby A.
Bennett, Graham V.
Vinson, Aaron W.
Weeks, Hamish P.
Mueller, Xanthus E.
Nash, Derek K.
Harmon, Willa V.
Mcgowan, Alec T.
Brock, Kiona N.
Conway, Orla B.
Gamble, Melanie K.
Doyle, Sage T.
Sutton, Maya U.
Pittman, Fleur L.
Adkins, Olga Q.
Caldwell, Brenda G.
Reilly, Cleo A.
Hickman, Joshua P.
Keith, Gisela H.
Gould, Leandra H.
Spencer, Kay G.
Gonzales, Rafael Q.
Terrell, Aladdin B.
Rodriquez, Bert S.
Newman, Courtney C.
Mayer, Abra T.
Stevenson, Sasha D.
Lawrence, Harding V.
Nelson, Burton C.
Berry, Tad F.
Randolph, Mariam R.
Snyder, Fletcher I.
Weaver, Madonna B.
Mitchell, Alden W.
